04/01/2021 18:02:15,TEST,This is a test log container message
04/01/2021 18:02:16,TEST,This is a test log container message
04/01/2021 18:02:16,TEST,This is a test log container message
04/01/2021 18:02:16,TEST,This is a test log container message
04/01/2021 18:02:16,TEST,This is a test log container message
04/01/2021 18:02:16,TEST,This is a test log container message
04/01/2021 18:02:16,TEST,This is a test log container message
04/01/2021 18:02:16,TEST,This is a test log container message
04/01/2021 18:02:16,TEST,This is a test log container message
04/01/2021 18:02:16,TEST,This is a test log container message
04/01/2021 18:10:55,TEST,This is a test log container message
04/01/2021 18:10:55,TEST,This is a test log container message
04/01/2021 18:10:55,TEST,This is a test log container message
04/01/2021 18:10:55,TEST,This is a test log container message
04/01/2021 18:10:55,TEST,This is a test log container message
04/01/2021 18:10:55,TEST,This is a test log container message
04/01/2021 18:10:55,TEST,This is a test log container message
04/01/2021 18:10:55,TEST,This is a test log container message
04/01/2021 18:10:55,TEST,This is a test log container message
04/01/2021 18:10:55,TEST,This is a test log container message
04/01/2021 18:12:08,TEST,This is a test log container message
04/01/2021 18:12:08,TEST,This is a test log container message
04/01/2021 18:12:08,TEST,This is a test log container message
04/01/2021 18:12:08,TEST,This is a test log container message
04/01/2021 18:12:08,TEST,This is a test log container message
04/01/2021 18:12:08,TEST,This is a test log container message
04/01/2021 18:12:08,TEST,This is a test log container message
04/01/2021 18:12:08,TEST,This is a test log container message
04/01/2021 18:12:08,TEST,This is a test log container message
04/01/2021 18:12:08,TEST,This is a test log container message
04/01/2021 18:12:46,TEST,This is a test log container message
04/01/2021 18:12:46,TEST,This is a test log container message
04/01/2021 18:12:46,TEST,This is a test log container message
04/01/2021 18:12:46,TEST,This is a test log container message
04/01/2021 18:12:46,TEST,This is a test log container message
04/01/2021 18:12:46,TEST,This is a test log container message
04/01/2021 18:12:46,TEST,This is a test log container message
04/01/2021 18:12:46,TEST,This is a test log container message
04/01/2021 18:12:46,TEST,This is a test log container message
04/01/2021 18:12:46,TEST,This is a test log container message
04/01/2021 18:17:07,TEST,This is a test log container message
04/01/2021 18:17:07,TEST,This is a test log container message
04/01/2021 18:17:07,TEST,This is a test log container message
04/01/2021 18:17:07,TEST,This is a test log container message
04/01/2021 18:17:07,TEST,This is a test log container message
04/01/2021 18:17:07,TEST,This is a test log container message
04/01/2021 18:17:07,TEST,This is a test log container message
04/01/2021 18:17:07,TEST,This is a test log container message
04/01/2021 18:17:07,TEST,This is a test log container message
04/01/2021 18:17:08,TEST,This is a test log container message
04/01/2021 18:18:07,TEST,This is a test log container message
04/01/2021 18:18:07,TEST,This is a test log container message
04/01/2021 18:18:07,TEST,This is a test log container message
04/01/2021 18:18:07,TEST,This is a test log container message
04/01/2021 18:18:07,TEST,This is a test log container message
04/01/2021 18:18:07,TEST,This is a test log container message
04/01/2021 18:18:07,TEST,This is a test log container message
04/01/2021 18:18:07,TEST,This is a test log container message
04/01/2021 18:18:07,TEST,This is a test log container message
04/01/2021 18:18:07,TEST,This is a test log container message
04/01/2021 18:19:16,TEST,This is a test log container message
04/01/2021 18:19:16,TEST,This is a test log container message
04/01/2021 18:19:16,TEST,This is a test log container message
04/01/2021 18:19:16,TEST,This is a test log container message
04/01/2021 18:19:16,TEST,This is a test log container message
04/01/2021 18:19:16,TEST,This is a test log container message
04/01/2021 18:19:16,TEST,This is a test log container message
04/01/2021 18:19:16,TEST,This is a test log container message
04/01/2021 18:19:16,TEST,This is a test log container message
04/01/2021 18:19:16,TEST,This is a test log container message
04/01/2021 18:20:33,TEST,This is a test log container message
04/01/2021 18:20:33,TEST,This is a test log container message
04/01/2021 18:20:33,TEST,This is a test log container message
04/01/2021 18:20:33,TEST,This is a test log container message
04/01/2021 18:20:33,TEST,This is a test log container message
04/01/2021 18:20:33,TEST,This is a test log container message
04/01/2021 18:20:33,TEST,This is a test log container message
04/01/2021 18:20:33,TEST,This is a test log container message
04/01/2021 18:20:33,TEST,This is a test log container message
04/01/2021 18:20:33,TEST,This is a test log container message
04/01/2021 18:27:49,TEST,This is a test log container message
04/01/2021 18:27:49,TEST,This is a test log container message
04/01/2021 18:27:49,TEST,This is a test log container message
04/01/2021 18:27:49,TEST,This is a test log container message
04/01/2021 18:27:49,TEST,This is a test log container message
04/01/2021 18:27:49,TEST,This is a test log container message
04/01/2021 18:27:49,TEST,This is a test log container message
04/01/2021 18:27:49,TEST,This is a test log container message
04/01/2021 18:27:49,TEST,This is a test log container message
04/01/2021 18:27:49,TEST,This is a test log container message
04/01/2021 18:28:57,TEST,This is a test log container message
04/01/2021 18:28:57,TEST,This is a test log container message
04/01/2021 18:28:57,TEST,This is a test log container message
04/01/2021 18:28:57,TEST,This is a test log container message
04/01/2021 18:28:57,TEST,This is a test log container message
04/01/2021 18:28:57,TEST,This is a test log container message
04/01/2021 18:28:57,TEST,This is a test log container message
04/01/2021 18:28:57,TEST,This is a test log container message
04/01/2021 18:28:57,TEST,This is a test log container message
04/01/2021 18:28:57,TEST,This is a test log container message
04/01/2021 18:30:19,TEST,This is a test log container message
04/01/2021 18:30:19,TEST,This is a test log container message
04/01/2021 18:30:20,TEST,This is a test log container message
04/01/2021 18:30:20,TEST,This is a test log container message
04/01/2021 18:30:20,TEST,This is a test log container message
04/01/2021 18:30:20,TEST,This is a test log container message
04/01/2021 18:30:20,TEST,This is a test log container message
04/01/2021 18:30:20,TEST,This is a test log container message
04/01/2021 18:30:20,TEST,This is a test log container message
04/01/2021 18:30:20,TEST,This is a test log container message
04/01/2021 18:32:18,TEST,This is a test log container message
04/01/2021 18:32:18,TEST,This is a test log container message
04/01/2021 18:32:18,TEST,This is a test log container message
04/01/2021 18:32:18,TEST,This is a test log container message
04/01/2021 18:32:18,TEST,This is a test log container message
04/01/2021 18:32:18,TEST,This is a test log container message
04/01/2021 18:32:18,TEST,This is a test log container message
04/01/2021 18:32:18,TEST,This is a test log container message
04/01/2021 18:32:18,TEST,This is a test log container message
04/01/2021 18:32:18,TEST,This is a test log container message
04/01/2021 18:34:00,TEST,This is a test log container message
04/01/2021 18:34:00,TEST,This is a test log container message
04/01/2021 18:34:00,TEST,This is a test log container message
04/01/2021 18:34:00,TEST,This is a test log container message
04/01/2021 18:34:00,TEST,This is a test log container message
04/01/2021 18:34:00,TEST,This is a test log container message
04/01/2021 18:34:00,TEST,This is a test log container message
04/01/2021 18:34:00,TEST,This is a test log container message
04/01/2021 18:34:00,TEST,This is a test log container message
04/01/2021 18:34:00,TEST,This is a test log container message
04/01/2021 18:34:59,TEST,This is a test log container message
04/01/2021 18:34:59,TEST,This is a test log container message
04/01/2021 18:34:59,TEST,This is a test log container message
04/01/2021 18:34:59,TEST,This is a test log container message
04/01/2021 18:34:59,TEST,This is a test log container message
04/01/2021 18:34:59,TEST,This is a test log container message
04/01/2021 18:34:59,TEST,This is a test log container message
04/01/2021 18:34:59,TEST,This is a test log container message
04/01/2021 18:34:59,TEST,This is a test log container message
04/01/2021 18:34:59,TEST,This is a test log container message
04/01/2021 18:38:43,TEST,This is a test log container message
04/01/2021 18:38:43,TEST,This is a test log container message
04/01/2021 18:38:43,TEST,This is a test log container message
04/01/2021 18:38:43,TEST,This is a test log container message
04/01/2021 18:38:43,TEST,This is a test log container message
04/01/2021 18:38:43,TEST,This is a test log container message
04/01/2021 18:38:43,TEST,This is a test log container message
04/01/2021 18:38:43,TEST,This is a test log container message
04/01/2021 18:38:43,TEST,This is a test log container message
04/01/2021 18:38:43,TEST,This is a test log container message
04/01/2021 18:39:19,TEST,This is a test log container message
04/01/2021 18:39:19,TEST,This is a test log container message
04/01/2021 18:39:19,TEST,This is a test log container message
04/01/2021 18:39:19,TEST,This is a test log container message
04/01/2021 18:39:19,TEST,This is a test log container message
04/01/2021 18:39:19,TEST,This is a test log container message
04/01/2021 18:39:19,TEST,This is a test log container message
04/01/2021 18:39:19,TEST,This is a test log container message
04/01/2021 18:39:19,TEST,This is a test log container message
04/01/2021 18:39:19,TEST,This is a test log container message
04/01/2021 18:42:21,TEST,This is a test log container message
04/01/2021 18:42:21,TEST,This is a test log container message
04/01/2021 18:42:21,TEST,This is a test log container message
04/01/2021 18:42:21,TEST,This is a test log container message
04/01/2021 18:42:21,TEST,This is a test log container message
04/01/2021 18:42:21,TEST,This is a test log container message
04/01/2021 18:42:21,TEST,This is a test log container message
04/01/2021 18:42:21,TEST,This is a test log container message
04/01/2021 18:42:21,TEST,This is a test log container message
04/01/2021 18:42:21,TEST,This is a test log container message
04/01/2021 18:43:00,TEST,This is a test log container message
04/01/2021 18:43:00,TEST,This is a test log container message
04/01/2021 18:43:00,TEST,This is a test log container message
04/01/2021 18:43:00,TEST,This is a test log container message
04/01/2021 18:43:00,TEST,This is a test log container message
04/01/2021 18:43:00,TEST,This is a test log container message
04/01/2021 18:43:00,TEST,This is a test log container message
04/01/2021 18:43:00,TEST,This is a test log container message
04/01/2021 18:43:00,TEST,This is a test log container message
04/01/2021 18:43:00,TEST,This is a test log container message
05/01/2021 10:59:16,TEST,This is a test log container message
05/01/2021 10:59:16,TEST,This is a test log container message
05/01/2021 10:59:16,TEST,This is a test log container message
05/01/2021 10:59:16,TEST,This is a test log container message
05/01/2021 10:59:16,TEST,This is a test log container message
05/01/2021 10:59:16,TEST,This is a test log container message
05/01/2021 10:59:16,TEST,This is a test log container message
05/01/2021 10:59:16,TEST,This is a test log container message
05/01/2021 10:59:16,TEST,This is a test log container message
05/01/2021 10:59:16,TEST,This is a test log container message
05/01/2021 11:01:09,TEST,This is a test log container message
05/01/2021 11:01:09,TEST,This is a test log container message
05/01/2021 11:01:09,TEST,This is a test log container message
05/01/2021 11:01:09,TEST,This is a test log container message
05/01/2021 11:01:09,TEST,This is a test log container message
05/01/2021 11:01:09,TEST,This is a test log container message
05/01/2021 11:01:09,TEST,This is a test log container message
05/01/2021 11:01:09,TEST,This is a test log container message
05/01/2021 11:01:09,TEST,This is a test log container message
05/01/2021 11:01:09,TEST,This is a test log container message
05/01/2021 11:02:10,TEST,This is a test log container message
05/01/2021 11:02:10,TEST,This is a test log container message
05/01/2021 11:02:10,TEST,This is a test log container message
05/01/2021 11:02:10,TEST,This is a test log container message
05/01/2021 11:02:10,TEST,This is a test log container message
05/01/2021 11:02:10,TEST,This is a test log container message
05/01/2021 11:02:10,TEST,This is a test log container message
05/01/2021 11:02:10,TEST,This is a test log container message
05/01/2021 11:02:10,TEST,This is a test log container message
05/01/2021 11:02:10,TEST,This is a test log container message
05/01/2021 11:04:08,TEST,This is a test log container message
05/01/2021 11:04:08,TEST,This is a test log container message
05/01/2021 11:04:08,TEST,This is a test log container message
05/01/2021 11:04:08,TEST,This is a test log container message
05/01/2021 11:04:08,TEST,This is a test log container message
05/01/2021 11:04:08,TEST,This is a test log container message
05/01/2021 11:04:08,TEST,This is a test log container message
05/01/2021 11:04:08,TEST,This is a test log container message
05/01/2021 11:04:08,TEST,This is a test log container message
05/01/2021 11:04:08,TEST,This is a test log container message
05/01/2021 11:04:24,TEST,This is a test log container message
05/01/2021 11:04:24,TEST,This is a test log container message
05/01/2021 11:04:24,TEST,This is a test log container message
05/01/2021 11:04:24,TEST,This is a test log container message
05/01/2021 11:04:24,TEST,This is a test log container message
05/01/2021 11:04:24,TEST,This is a test log container message
05/01/2021 11:04:24,TEST,This is a test log container message
05/01/2021 11:04:24,TEST,This is a test log container message
05/01/2021 11:04:24,TEST,This is a test log container message
05/01/2021 11:04:24,TEST,This is a test log container message
05/01/2021 11:05:30,TEST,This is a test log container message
05/01/2021 11:05:30,TEST,This is a test log container message
05/01/2021 11:05:30,TEST,This is a test log container message
05/01/2021 11:05:30,TEST,This is a test log container message
05/01/2021 11:05:30,TEST,This is a test log container message
05/01/2021 11:05:30,TEST,This is a test log container message
05/01/2021 11:05:30,TEST,This is a test log container message
05/01/2021 11:05:30,TEST,This is a test log container message
05/01/2021 11:05:30,TEST,This is a test log container message
05/01/2021 11:05:30,TEST,This is a test log container message
05/01/2021 11:06:35,TEST,This is a test log container message
05/01/2021 11:06:35,TEST,This is a test log container message
05/01/2021 11:06:35,TEST,This is a test log container message
05/01/2021 11:06:35,TEST,This is a test log container message
05/01/2021 11:06:35,TEST,This is a test log container message
05/01/2021 11:06:35,TEST,This is a test log container message
05/01/2021 11:06:35,TEST,This is a test log container message
05/01/2021 11:06:35,TEST,This is a test log container message
05/01/2021 11:06:35,TEST,This is a test log container message
05/01/2021 11:06:35,TEST,This is a test log container message
05/01/2021 11:09:25,TEST,This is a test log container message
05/01/2021 11:09:25,TEST,This is a test log container message
05/01/2021 11:09:25,TEST,This is a test log container message
05/01/2021 11:09:25,TEST,This is a test log container message
05/01/2021 11:09:25,TEST,This is a test log container message
05/01/2021 11:09:25,TEST,This is a test log container message
05/01/2021 11:09:25,TEST,This is a test log container message
05/01/2021 11:09:25,TEST,This is a test log container message
05/01/2021 11:09:25,TEST,This is a test log container message
05/01/2021 11:09:25,TEST,This is a test log container message
05/01/2021 11:10:14,TEST,This is a test log container message
05/01/2021 11:10:14,TEST,This is a test log container message
05/01/2021 11:10:14,TEST,This is a test log container message
05/01/2021 11:10:15,TEST,This is a test log container message
05/01/2021 11:10:15,TEST,This is a test log container message
05/01/2021 11:10:15,TEST,This is a test log container message
05/01/2021 11:10:15,TEST,This is a test log container message
05/01/2021 11:10:15,TEST,This is a test log container message
05/01/2021 11:10:15,TEST,This is a test log container message
05/01/2021 11:10:15,TEST,This is a test log container message
05/01/2021 11:16:17,TEST,This is a test log container message
05/01/2021 11:16:17,TEST,This is a test log container message
05/01/2021 11:16:17,TEST,This is a test log container message
05/01/2021 11:16:17,TEST,This is a test log container message
05/01/2021 11:16:17,TEST,This is a test log container message
05/01/2021 11:16:17,TEST,This is a test log container message
05/01/2021 11:16:17,TEST,This is a test log container message
05/01/2021 11:16:17,TEST,This is a test log container message
05/01/2021 11:16:17,TEST,This is a test log container message
05/01/2021 11:16:17,TEST,This is a test log container message
05/01/2021 11:16:38,TEST,This is a test log container message
05/01/2021 11:16:38,TEST,This is a test log container message
05/01/2021 11:16:38,TEST,This is a test log container message
05/01/2021 11:16:38,TEST,This is a test log container message
05/01/2021 11:16:38,TEST,This is a test log container message
05/01/2021 11:16:38,TEST,This is a test log container message
05/01/2021 11:16:38,TEST,This is a test log container message
05/01/2021 11:16:38,TEST,This is a test log container message
05/01/2021 11:16:38,TEST,This is a test log container message
05/01/2021 11:16:38,TEST,This is a test log container message
05/01/2021 11:23:45,TEST,This is a test log container message
05/01/2021 11:23:45,TEST,This is a test log container message
05/01/2021 11:23:45,TEST,This is a test log container message
05/01/2021 11:23:45,TEST,This is a test log container message
05/01/2021 11:23:45,TEST,This is a test log container message
05/01/2021 11:23:45,TEST,This is a test log container message
05/01/2021 11:23:45,TEST,This is a test log container message
05/01/2021 11:23:45,TEST,This is a test log container message
05/01/2021 11:23:45,TEST,This is a test log container message
05/01/2021 11:23:45,TEST,This is a test log container message
05/01/2021 11:24:48,TEST,This is a test log container message
05/01/2021 11:24:48,TEST,This is a test log container message
05/01/2021 11:24:48,TEST,This is a test log container message
05/01/2021 11:24:48,TEST,This is a test log container message
05/01/2021 11:24:48,TEST,This is a test log container message
05/01/2021 11:24:48,TEST,This is a test log container message
05/01/2021 11:24:48,TEST,This is a test log container message
05/01/2021 11:24:48,TEST,This is a test log container message
05/01/2021 11:24:48,TEST,This is a test log container message
05/01/2021 11:24:48,TEST,This is a test log container message
05/01/2021 11:25:51,TEST,This is a test log container message
05/01/2021 11:25:51,TEST,This is a test log container message
05/01/2021 11:25:51,TEST,This is a test log container message
05/01/2021 11:25:51,TEST,This is a test log container message
05/01/2021 11:25:51,TEST,This is a test log container message
05/01/2021 11:25:51,TEST,This is a test log container message
05/01/2021 11:25:51,TEST,This is a test log container message
05/01/2021 11:25:51,TEST,This is a test log container message
05/01/2021 11:25:51,TEST,This is a test log container message
05/01/2021 11:25:51,TEST,This is a test log container message
05/01/2021 11:26:55,TEST,This is a test log container message
05/01/2021 11:26:55,TEST,This is a test log container message
05/01/2021 11:26:55,TEST,This is a test log container message
05/01/2021 11:26:55,TEST,This is a test log container message
05/01/2021 11:26:55,TEST,This is a test log container message
05/01/2021 11:26:55,TEST,This is a test log container message
05/01/2021 11:26:55,TEST,This is a test log container message
05/01/2021 11:26:55,TEST,This is a test log container message
05/01/2021 11:26:55,TEST,This is a test log container message
05/01/2021 11:26:55,TEST,This is a test log container message
05/01/2021 11:28:09,TEST,This is a test log container message
05/01/2021 11:28:09,TEST,This is a test log container message
05/01/2021 11:28:09,TEST,This is a test log container message
05/01/2021 11:28:09,TEST,This is a test log container message
05/01/2021 11:28:09,TEST,This is a test log container message
05/01/2021 11:28:09,TEST,This is a test log container message
05/01/2021 11:28:09,TEST,This is a test log container message
05/01/2021 11:28:09,TEST,This is a test log container message
05/01/2021 11:28:09,TEST,This is a test log container message
05/01/2021 11:28:09,TEST,This is a test log container message
05/01/2021 11:29:10,TEST,This is a test log container message
05/01/2021 11:29:10,TEST,This is a test log container message
05/01/2021 11:29:10,TEST,This is a test log container message
05/01/2021 11:29:10,TEST,This is a test log container message
05/01/2021 11:29:10,TEST,This is a test log container message
05/01/2021 11:29:10,TEST,This is a test log container message
05/01/2021 11:29:10,TEST,This is a test log container message
05/01/2021 11:29:10,TEST,This is a test log container message
05/01/2021 11:29:10,TEST,This is a test log container message
05/01/2021 11:29:10,TEST,This is a test log container message
05/01/2021 11:36:41,TEST,This is a test log container message
05/01/2021 11:36:41,TEST,This is a test log container message
05/01/2021 11:36:41,TEST,This is a test log container message
05/01/2021 11:36:41,TEST,This is a test log container message
05/01/2021 11:36:41,TEST,This is a test log container message
05/01/2021 11:36:41,TEST,This is a test log container message
05/01/2021 11:36:41,TEST,This is a test log container message
05/01/2021 11:36:41,TEST,This is a test log container message
05/01/2021 11:36:41,TEST,This is a test log container message
05/01/2021 11:36:41,TEST,This is a test log container message
05/01/2021 11:38:15,TEST,This is a test log container message
05/01/2021 11:38:15,TEST,This is a test log container message
05/01/2021 11:38:15,TEST,This is a test log container message
05/01/2021 11:38:15,TEST,This is a test log container message
05/01/2021 11:38:15,TEST,This is a test log container message
05/01/2021 11:38:15,TEST,This is a test log container message
05/01/2021 11:38:15,TEST,This is a test log container message
05/01/2021 11:38:15,TEST,This is a test log container message
05/01/2021 11:38:15,TEST,This is a test log container message
05/01/2021 11:38:15,TEST,This is a test log container message
05/01/2021 11:42:22,TEST,This is a test log container message
05/01/2021 11:42:22,TEST,This is a test log container message
05/01/2021 11:42:22,TEST,This is a test log container message
05/01/2021 11:42:22,TEST,This is a test log container message
05/01/2021 11:42:22,TEST,This is a test log container message
05/01/2021 11:42:22,TEST,This is a test log container message
05/01/2021 11:42:22,TEST,This is a test log container message
05/01/2021 11:42:22,TEST,This is a test log container message
05/01/2021 11:42:22,TEST,This is a test log container message
05/01/2021 11:42:22,TEST,This is a test log container message
05/01/2021 11:44:43,TEST,This is a test log container message
05/01/2021 11:44:43,TEST,This is a test log container message
05/01/2021 11:44:43,TEST,This is a test log container message
05/01/2021 11:44:43,TEST,This is a test log container message
05/01/2021 11:44:43,TEST,This is a test log container message
05/01/2021 11:44:43,TEST,This is a test log container message
05/01/2021 11:44:43,TEST,This is a test log container message
05/01/2021 11:44:43,TEST,This is a test log container message
05/01/2021 11:44:43,TEST,This is a test log container message
05/01/2021 11:44:43,TEST,This is a test log container message
05/01/2021 11:47:23,TEST,This is a test log container message
05/01/2021 11:47:23,TEST,This is a test log container message
05/01/2021 11:47:23,TEST,This is a test log container message
05/01/2021 11:47:23,TEST,This is a test log container message
05/01/2021 11:47:23,TEST,This is a test log container message
05/01/2021 11:47:23,TEST,This is a test log container message
05/01/2021 11:47:23,TEST,This is a test log container message
05/01/2021 11:47:23,TEST,This is a test log container message
05/01/2021 11:47:23,TEST,This is a test log container message
05/01/2021 11:47:23,TEST,This is a test log container message
05/01/2021 11:53:48,TEST,This is a test log container message
05/01/2021 11:53:48,TEST,This is a test log container message
05/01/2021 11:53:48,TEST,This is a test log container message
05/01/2021 11:53:48,TEST,This is a test log container message
05/01/2021 11:53:48,TEST,This is a test log container message
05/01/2021 11:53:48,TEST,This is a test log container message
05/01/2021 11:53:48,TEST,This is a test log container message
05/01/2021 11:53:49,TEST,This is a test log container message
05/01/2021 11:53:49,TEST,This is a test log container message
05/01/2021 11:53:49,TEST,This is a test log container message
05/01/2021 11:55:27,TEST,This is a test log container message
05/01/2021 11:55:27,TEST,This is a test log container message
05/01/2021 11:55:27,TEST,This is a test log container message
05/01/2021 11:55:27,TEST,This is a test log container message
05/01/2021 11:55:27,TEST,This is a test log container message
05/01/2021 11:55:27,TEST,This is a test log container message
05/01/2021 11:55:27,TEST,This is a test log container message
05/01/2021 11:55:27,TEST,This is a test log container message
05/01/2021 11:55:27,TEST,This is a test log container message
05/01/2021 11:55:27,TEST,This is a test log container message
05/01/2021 11:58:36,TEST,This is a test log container message
05/01/2021 11:58:36,TEST,This is a test log container message
05/01/2021 11:58:36,TEST,This is a test log container message
05/01/2021 11:58:36,TEST,This is a test log container message
05/01/2021 11:58:36,TEST,This is a test log container message
05/01/2021 11:58:36,TEST,This is a test log container message
05/01/2021 11:58:36,TEST,This is a test log container message
05/01/2021 11:58:36,TEST,This is a test log container message
05/01/2021 11:58:36,TEST,This is a test log container message
05/01/2021 11:58:36,TEST,This is a test log container message
05/01/2021 11:58:53,TEST,This is a test log container message
05/01/2021 11:58:53,TEST,This is a test log container message
05/01/2021 11:58:53,TEST,This is a test log container message
05/01/2021 11:58:53,TEST,This is a test log container message
05/01/2021 11:58:53,TEST,This is a test log container message
05/01/2021 11:58:53,TEST,This is a test log container message
05/01/2021 11:58:53,TEST,This is a test log container message
05/01/2021 11:58:53,TEST,This is a test log container message
05/01/2021 11:58:53,TEST,This is a test log container message
05/01/2021 11:58:53,TEST,This is a test log container message
05/01/2021 11:59:55,TEST,This is a test log container message
05/01/2021 11:59:55,TEST,This is a test log container message
05/01/2021 11:59:55,TEST,This is a test log container message
05/01/2021 11:59:55,TEST,This is a test log container message
05/01/2021 11:59:55,TEST,This is a test log container message
05/01/2021 11:59:55,TEST,This is a test log container message
05/01/2021 11:59:55,TEST,This is a test log container message
05/01/2021 11:59:55,TEST,This is a test log container message
05/01/2021 11:59:55,TEST,This is a test log container message
05/01/2021 11:59:55,TEST,This is a test log container message
05/01/2021 12:00:22,TEST,This is a test log container message
05/01/2021 12:00:22,TEST,This is a test log container message
05/01/2021 12:00:22,TEST,This is a test log container message
05/01/2021 12:00:22,TEST,This is a test log container message
05/01/2021 12:00:22,TEST,This is a test log container message
05/01/2021 12:00:22,TEST,This is a test log container message
05/01/2021 12:00:22,TEST,This is a test log container message
05/01/2021 12:00:22,TEST,This is a test log container message
05/01/2021 12:00:22,TEST,This is a test log container message
05/01/2021 12:00:22,TEST,This is a test log container message
05/01/2021 12:03:15,TEST,This is a test log container message
05/01/2021 12:03:15,TEST,This is a test log container message
05/01/2021 12:03:15,TEST,This is a test log container message
05/01/2021 12:03:15,TEST,This is a test log container message
05/01/2021 12:03:15,TEST,This is a test log container message
05/01/2021 12:03:15,TEST,This is a test log container message
05/01/2021 12:03:15,TEST,This is a test log container message
05/01/2021 12:03:15,TEST,This is a test log container message
05/01/2021 12:03:15,TEST,This is a test log container message
05/01/2021 12:03:15,TEST,This is a test log container message
05/01/2021 12:04:36,TEST,This is a test log container message
05/01/2021 12:04:36,TEST,This is a test log container message
05/01/2021 12:04:36,TEST,This is a test log container message
05/01/2021 12:04:36,TEST,This is a test log container message
05/01/2021 12:04:36,TEST,This is a test log container message
05/01/2021 12:04:36,TEST,This is a test log container message
05/01/2021 12:04:36,TEST,This is a test log container message
05/01/2021 12:04:36,TEST,This is a test log container message
05/01/2021 12:04:36,TEST,This is a test log container message
05/01/2021 12:04:36,TEST,This is a test log container message
05/01/2021 12:05:14,TEST,This is a test log container message
05/01/2021 12:05:14,TEST,This is a test log container message
05/01/2021 12:05:14,TEST,This is a test log container message
05/01/2021 12:05:14,TEST,This is a test log container message
05/01/2021 12:05:14,TEST,This is a test log container message
05/01/2021 12:05:14,TEST,This is a test log container message
05/01/2021 12:05:14,TEST,This is a test log container message
05/01/2021 12:05:14,TEST,This is a test log container message
05/01/2021 12:05:14,TEST,This is a test log container message
05/01/2021 12:05:14,TEST,This is a test log container message
05/01/2021 12:06:26,TEST,This is a test log container message
05/01/2021 12:06:26,TEST,This is a test log container message
05/01/2021 12:06:26,TEST,This is a test log container message
05/01/2021 12:06:26,TEST,This is a test log container message
05/01/2021 12:06:26,TEST,This is a test log container message
05/01/2021 12:06:26,TEST,This is a test log container message
05/01/2021 12:06:26,TEST,This is a test log container message
05/01/2021 12:06:26,TEST,This is a test log container message
05/01/2021 12:06:26,TEST,This is a test log container message
05/01/2021 12:06:26,TEST,This is a test log container message
05/01/2021 12:08:33,TEST,This is a test log container message
05/01/2021 12:08:33,TEST,This is a test log container message
05/01/2021 12:08:33,TEST,This is a test log container message
05/01/2021 12:08:33,TEST,This is a test log container message
05/01/2021 12:08:33,TEST,This is a test log container message
05/01/2021 12:08:33,TEST,This is a test log container message
05/01/2021 12:08:33,TEST,This is a test log container message
05/01/2021 12:08:33,TEST,This is a test log container message
05/01/2021 12:08:33,TEST,This is a test log container message
05/01/2021 12:08:33,TEST,This is a test log container message
05/01/2021 12:11:05,TEST,This is a test log container message
05/01/2021 12:11:05,TEST,This is a test log container message
05/01/2021 12:11:05,TEST,This is a test log container message
05/01/2021 12:11:05,TEST,This is a test log container message
05/01/2021 12:11:05,TEST,This is a test log container message
05/01/2021 12:11:05,TEST,This is a test log container message
05/01/2021 12:11:05,TEST,This is a test log container message
05/01/2021 12:11:05,TEST,This is a test log container message
05/01/2021 12:11:05,TEST,This is a test log container message
05/01/2021 12:11:05,TEST,This is a test log container message
05/01/2021 12:19:36,TEST,This is a test log container message
05/01/2021 12:19:36,TEST,This is a test log container message
05/01/2021 12:19:36,TEST,This is a test log container message
05/01/2021 12:19:36,TEST,This is a test log container message
05/01/2021 12:19:36,TEST,This is a test log container message
05/01/2021 12:19:36,TEST,This is a test log container message
05/01/2021 12:19:36,TEST,This is a test log container message
05/01/2021 12:19:36,TEST,This is a test log container message
05/01/2021 12:19:36,TEST,This is a test log container message
05/01/2021 12:19:36,TEST,This is a test log container message
05/01/2021 12:21:33,TEST,This is a test log container message
05/01/2021 12:21:34,TEST,This is a test log container message
05/01/2021 12:21:34,TEST,This is a test log container message
05/01/2021 12:21:34,TEST,This is a test log container message
05/01/2021 12:21:34,TEST,This is a test log container message
05/01/2021 12:21:34,TEST,This is a test log container message
05/01/2021 12:21:34,TEST,This is a test log container message
05/01/2021 12:21:34,TEST,This is a test log container message
05/01/2021 12:21:34,TEST,This is a test log container message
05/01/2021 12:21:34,TEST,This is a test log container message
05/01/2021 12:24:15,TEST,This is a test log container message
05/01/2021 12:24:15,TEST,This is a test log container message
05/01/2021 12:24:15,TEST,This is a test log container message
05/01/2021 12:24:15,TEST,This is a test log container message
05/01/2021 12:24:15,TEST,This is a test log container message
05/01/2021 12:24:15,TEST,This is a test log container message
05/01/2021 12:24:15,TEST,This is a test log container message
05/01/2021 12:24:15,TEST,This is a test log container message
05/01/2021 12:24:15,TEST,This is a test log container message
05/01/2021 12:24:15,TEST,This is a test log container message
05/01/2021 12:27:46,TEST,This is a test log container message
05/01/2021 12:27:46,TEST,This is a test log container message
05/01/2021 12:27:46,TEST,This is a test log container message
05/01/2021 12:27:46,TEST,This is a test log container message
05/01/2021 12:27:46,TEST,This is a test log container message
05/01/2021 12:27:46,TEST,This is a test log container message
05/01/2021 12:27:46,TEST,This is a test log container message
05/01/2021 12:27:46,TEST,This is a test log container message
05/01/2021 12:27:46,TEST,This is a test log container message
05/01/2021 12:27:46,TEST,This is a test log container message
05/01/2021 12:28:54,TEST,This is a test log container message
05/01/2021 12:28:54,TEST,This is a test log container message
05/01/2021 12:28:54,TEST,This is a test log container message
05/01/2021 12:28:54,TEST,This is a test log container message
05/01/2021 12:28:54,TEST,This is a test log container message
05/01/2021 12:28:54,TEST,This is a test log container message
05/01/2021 12:28:54,TEST,This is a test log container message
05/01/2021 12:28:54,TEST,This is a test log container message
05/01/2021 12:28:54,TEST,This is a test log container message
05/01/2021 12:28:54,TEST,This is a test log container message
05/01/2021 12:28:54,TEST,This is a test log container message
05/01/2021 12:28:55,TEST,This is a test log container message
05/01/2021 12:28:55,TEST,This is a test log container message
05/01/2021 12:28:55,TEST,This is a test log container message
05/01/2021 12:28:55,TEST,This is a test log container message
05/01/2021 12:28:55,TEST,This is a test log container message
05/01/2021 12:28:55,TEST,This is a test log container message
05/01/2021 12:28:55,TEST,This is a test log container message
05/01/2021 12:28:55,TEST,This is a test log container message
05/01/2021 12:28:55,TEST,This is a test log container message
05/01/2021 12:28:55,TEST,This is a test log container message
05/01/2021 12:28:55,TEST,This is a test log container message
05/01/2021 12:28:55,TEST,This is a test log container message
05/01/2021 12:28:55,TEST,This is a test log container message
05/01/2021 12:28:55,TEST,This is a test log container message
05/01/2021 12:28:55,TEST,This is a test log container message
05/01/2021 12:28:55,TEST,This is a test log container message
05/01/2021 12:28:55,TEST,This is a test log container message
05/01/2021 12:28:55,TEST,This is a test log container message
05/01/2021 12:28:55,TEST,This is a test log container message
05/01/2021 12:29:56,TEST,This is a test log container message
05/01/2021 12:29:56,TEST,This is a test log container message
05/01/2021 12:29:56,TEST,This is a test log container message
05/01/2021 12:29:56,TEST,This is a test log container message
05/01/2021 12:29:56,TEST,This is a test log container message
05/01/2021 12:29:56,TEST,This is a test log container message
05/01/2021 12:29:56,TEST,This is a test log container message
05/01/2021 12:29:56,TEST,This is a test log container message
05/01/2021 12:29:56,TEST,This is a test log container message
05/01/2021 12:29:56,TEST,This is a test log container message
05/01/2021 12:29:56,TEST,This is a test log container message
05/01/2021 12:29:56,TEST,This is a test log container message
05/01/2021 12:29:56,TEST,This is a test log container message
05/01/2021 12:29:56,TEST,This is a test log container message
05/01/2021 12:29:56,TEST,This is a test log container message
05/01/2021 12:29:56,TEST,This is a test log container message
05/01/2021 12:29:56,TEST,This is a test log container message
05/01/2021 12:29:57,TEST,This is a test log container message
05/01/2021 12:29:57,TEST,This is a test log container message
05/01/2021 12:29:57,TEST,This is a test log container message
05/01/2021 12:29:57,TEST,This is a test log container message
05/01/2021 12:29:57,TEST,This is a test log container message
05/01/2021 12:29:57,TEST,This is a test log container message
05/01/2021 12:29:57,TEST,This is a test log container message
05/01/2021 12:29:57,TEST,This is a test log container message
05/01/2021 12:29:57,TEST,This is a test log container message
05/01/2021 12:29:57,TEST,This is a test log container message
05/01/2021 12:29:57,TEST,This is a test log container message
05/01/2021 12:29:57,TEST,This is a test log container message
05/01/2021 12:29:57,TEST,This is a test log container message
05/01/2021 13:05:06,TEST,This is a test log container message
05/01/2021 13:05:06,TEST,This is a test log container message
05/01/2021 13:05:06,TEST,This is a test log container message
05/01/2021 13:05:06,TEST,This is a test log container message
05/01/2021 13:05:06,TEST,This is a test log container message
05/01/2021 13:05:06,TEST,This is a test log container message
05/01/2021 13:05:06,TEST,This is a test log container message
05/01/2021 13:05:06,TEST,This is a test log container message
05/01/2021 13:05:06,TEST,This is a test log container message
05/01/2021 13:05:06,TEST,This is a test log container message
05/01/2021 13:05:06,TEST,This is a test log container message
05/01/2021 13:05:06,TEST,This is a test log container message
05/01/2021 13:05:06,TEST,This is a test log container message
05/01/2021 13:05:06,TEST,This is a test log container message
05/01/2021 13:05:06,TEST,This is a test log container message
05/01/2021 13:05:06,TEST,This is a test log container message
05/01/2021 13:05:06,TEST,This is a test log container message
05/01/2021 13:05:06,TEST,This is a test log container message
05/01/2021 13:05:06,TEST,This is a test log container message
05/01/2021 13:05:06,TEST,This is a test log container message
05/01/2021 13:05:06,TEST,This is a test log container message
05/01/2021 13:05:06,TEST,This is a test log container message
05/01/2021 13:05:06,TEST,This is a test log container message
05/01/2021 13:05:06,TEST,This is a test log container message
05/01/2021 13:05:06,TEST,This is a test log container message
05/01/2021 13:05:06,TEST,This is a test log container message
05/01/2021 13:05:06,TEST,This is a test log container message
05/01/2021 13:05:06,TEST,This is a test log container message
05/01/2021 13:05:06,TEST,This is a test log container message
05/01/2021 13:05:06,TEST,This is a test log container message
